{
  "2": {"diameter": 86.320854, "min_x": -40.000000, "min_y": -15.000000, "min_z": 0.000000, "size_x": 80.000000, "size_y": 30.000000, "size_z": 12.300000},
  "3": {"diameter": 74.679314, "min_x": -33.500000, "min_y": -16.000000, "min_z": 0.000000, "size_x": 67.000000, "size_y": 32.000000, "size_z": 8.000000},
  "10": {"diameter": 183.956512, "min_x": -90.000000, "min_y": -18.000000, "min_z": -6.000000, "size_x": 180.000000, "size_y": 36.000000, "size_z": 12.000000}
}
